startTime,open,high,low,close,volume,turnover,sma20,ema20,rsi20
2025-11-08 09:55:00+00:00,102335.6,102365.8,102310.1,102365.7,4.226117,432452.9168679,,,
2025-11-08 09:56:00+00:00,102365.7,102369.9,102345.0,102345.0,0.853988,87418.3356593,,,
2025-11-08 09:57:00+00:00,102345.0,102418.6,102345.0,102407.9,1.783862,182627.3584293,,,
2025-11-08 09:58:00+00:00,102407.9,102408.0,102401.4,102401.5,0.371665,38060.7517303,,,
2025-11-08 09:59:00+00:00,102401.5,102401.5,102388.7,102388.7,0.583408,59737.5700001,,,
2025-11-08 10:00:00+00:00,102388.7,102388.7,102355.4,102355.4,2.997634,306864.0349164,,,
2025-11-08 10:01:00+00:00,102355.4,102355.4,102338.2,102338.2,1.238726,126779.7036752,,,
2025-11-08 10:02:00+00:00,102338.2,102338.2,102297.4,102309.9,3.22865,330356.8183853,,,
2025-11-08 10:03:00+00:00,102309.9,102310.0,102300.4,102304.0,0.800647,81910.6461054,,,
2025-11-08 10:04:00+00:00,102304.0,102332.8,102304.0,102326.6,0.919569,94091.7454339,,,
2025-11-08 10:05:00+00:00,102326.6,102357.5,102323.8,102354.2,1.953606,199929.8260901,,,
2025-11-08 10:06:00+00:00,102354.2,102354.2,102333.0,102338.0,0.922408,94398.7729245,,,
2025-11-08 10:07:00+00:00,102338.0,102342.9,102319.1,102342.9,1.478802,151323.5092899,,,
2025-11-08 10:08:00+00:00,102342.9,102376.0,102320.9,102321.0,2.43224,248957.2263672,,,
2025-11-08 10:09:00+00:00,102321.0,102321.0,102293.9,102294.0,1.390376,142250.1991156,,,
2025-11-08 10:10:00+00:00,102294.0,102353.5,102294.0,102353.5,3.302498,337908.0649277,,,
2025-11-08 10:11:00+00:00,102353.5,102386.3,102353.5,102375.0,2.878829,294726.952917,,,
2025-11-08 10:12:00+00:00,102375.0,102381.1,102357.8,102358.3,2.330153,238534.6480688,,,
2025-11-08 10:13:00+00:00,102358.3,102370.6,102357.8,102370.6,0.956191,97878.0619407,,,
2025-11-08 10:14:00+00:00,102370.6,102383.0,102357.8,102357.9,0.742059,75970.6184904,102350.41500000001,102351.20418788993,-2708.974358973209
2025-11-08 10:15:00+00:00,102357.9,102382.3,102331.2,102382.2,3.350859,342953.1679817,102351.24,102354.15616999567,1427.8787878787323
2025-11-08 10:16:00+00:00,102382.2,102422.5,102358.5,102358.6,4.234996,433643.9258902,102351.92,102354.57939190083,1732.352941175665
2025-11-08 10:17:00+00:00,102358.6,102407.0,102358.5,102369.3,4.560038,466864.4445655,102349.98999999999,102355.98135457694,-475.1295336788487
2025-11-08 10:18:00+00:00,102369.3,102417.2,102364.4,102417.1,1.89301,193820.1493123,102350.76999999999,102361.80217795057,1482.0512820507129
2025-11-08 10:19:00+00:00,102417.1,102463.5,102417.1,102434.6,3.211265,328970.9795928,102353.065,102368.73530386004,541.8300653593677
2025-11-08 10:20:00+00:00,102434.6,102485.9,102424.6,102485.8,2.42187,248099.9148425,102359.58499999999,102379.88432254005,229.98466257666726
2025-11-08 10:21:00+00:00,102485.8,102485.8,102452.5,102452.5,1.874604,192096.2756612,102365.3,102386.80010134575,262.3797025371711
2025-11-08 10:22:00+00:00,102452.5,102452.5,102406.6,102429.6,3.011355,308426.9995875,102371.285,102390.87628216996,250.54302422720554
2025-11-08 10:23:00+00:00,102429.6,102429.6,102407.5,102407.5,0.834604,85476.812268,102376.45999999999,102392.45949339187,289.75845410627454
2025-11-08 10:24:00+00:00,102407.5,102431.6,102407.5,102421.9,2.192836,224590.3629787,102381.225,102395.26335116407,306.08604407137267
2025-11-08 10:25:00+00:00,102421.9,102445.0,102407.6,102444.9,1.675286,171594.6303359,102385.76,102399.99065105322,316.5380374862188
2025-11-08 10:26:00+00:00,102444.9,102478.2,102444.9,102467.3,2.738176,280565.3033525,102392.225,102406.40106523864,239.36581593193583
2025-11-08 10:27:00+00:00,102467.3,102497.8,102467.3,102497.7,1.106633,113403.0153166,102399.965,102415.09620188258,216.40826873384606
2025-11-08 10:28:00+00:00,102497.7,102528.3,102497.7,102517.9,1.225862,125668.3783801,102409.81,102424.88703979852,180.39614017268033
2025-11-08 10:29:00+00:00,102517.9,102526.2,102517.9,102526.2,1.116549,114466.6559366,102421.42,102434.53589315103,156.54608096468758
2025-11-08 10:30:00+00:00,102526.2,102526.3,102507.1,102507.1,1.573828,161349.9265078,102429.1,102441.44676046999,197.91666666665915
2025-11-08 10:31:00+00:00,102507.1,102515.1,102506.5,102506.5,1.189199,121907.7376357,102435.675,102447.64230709188,214.828897338403
2025-11-08 10:32:00+00:00,102506.5,102541.8,102506.5,102522.7,1.484125,152159.2030382,102443.89499999999,102454.79065879741,181.69099756691463
2025-11-08 10:33:00+00:00,102522.7,102533.9,102522.7,102533.8,0.407722,41802.8600236,102452.05500000001,102462.31535795957,182.29166666666993
2025-11-08 10:34:00+00:00,102533.8,102576.8,102533.8,102576.4,3.704288,379942.2490988,102462.98,102473.18056196341,155.6521739130395
2025-11-08 10:35:00+00:00,102576.4,102576.5,102517.2,102517.3,4.153699,425958.1052753,102469.735,102477.38241320499,233.7527757216689
2025-11-08 10:36:00+00:00,102517.3,102524.5,102517.2,102520.8,0.53305,54648.3696636,102477.845,102481.51742147119,196.85573366214186
2025-11-08 10:37:00+00:00,102520.8,102528.8,102517.5,102528.7,1.442787,147914.9974987,102485.815,102486.0110003787,198.55708908406336
2025-11-08 10:38:00+00:00,102528.7,102540.1,102528.7,102529.0,0.79194,81201.970697,102491.41,102490.10519081882,240.39320822162594
2025-11-08 10:39:00+00:00,102529.0,102568.7,102528.9,102558.5,2.062473,211503.5741534,102497.605,102496.6189821694,226.7958030669884
2025-11-08 10:40:00+00:00,102558.5,102558.5,102504.0,102504.0,1.536694,157561.413139,102498.515,102497.3219362485,1262.6373626375
2025-11-08 10:41:00+00:00,102504.0,102508.9,102497.1,102508.8,1.584397,162398.3541303,102501.33,102498.41508517721,416.69626998220093
2025-11-08 10:42:00+00:00,102508.8,102508.9,102445.0,102445.0,9.046899,927166.8757786,102502.1,102493.32793420796,1523.376623377145
2025-11-08 10:43:00+00:00,102445.0,102459.6,102433.2,102451.1,2.353895,241141.3584585,102504.28,102489.30622618816,552.064220183406
2025-11-08 10:44:00+00:00,102451.1,102489.6,102451.1,102489.6,0.848832,86980.0963616,102507.66500000001,102489.33420464642,391.1373707532605
2025-11-08 10:45:00+00:00,102489.6,102571.8,102489.6,102552.8,3.647923,374046.9971711,102513.06,102495.37856610867,282.66913809080194
2025-11-08 10:46:00+00:00,102552.8,102574.1,102549.9,102565.8,1.125688,115456.2196166,102517.985,102502.08536933642,300.10152284263074
2025-11-08 10:47:00+00:00,102565.8,102576.5,102565.7,102576.5,0.819852,84091.8696462,102521.925,102509.17247701866,350.12690355327925
2025-11-08 10:48:00+00:00,102576.5,102576.5,102555.8,102555.8,0.687802,70548.5971796,102523.82,102513.61319349306,674.6701846964071
2025-11-08 10:49:00+00:00,102555.8,102555.8,102529.8,102529.8,0.493801,50636.0510751,102524.0,102515.15479411278,6872.222222210987
2025-11-08 10:50:00+00:00,102529.8,102529.8,102510.8,102514.5,2.358439,241784.604949,102524.37,102515.0924327687,3343.243243245796
2025-11-08 10:51:00+00:00,102514.5,102514.5,102469.3,102506.2,6.113602,626588.9180599,102524.35500000001,102514.24553440977,-82466.66666586685
2025-11-08 10:52:00+00:00,102506.2,102535.8,102506.2,102535.8,1.98309,203320.9875139,102525.01,102516.29834065646,1990.8396946556268
2025-11-08 10:53:00+00:00,102535.8,102558.8,102535.7,102549.0,1.551041,159060.5904273,102525.76999999999,102519.41278440345,1729.6052631581872
2025-11-08 10:54:00+00:00,102549.0,102549.9,102518.4,102549.9,1.7819,182706.1438456,102524.445,102522.31632874599,-834.7169811320649
2025-11-08 10:55:00+00:00,102549.9,102550.0,102517.7,102517.8,1.51981,155835.237259,102524.47,102521.88620219876,44239.99999999946
2025-11-08 10:56:00+00:00,102517.8,102538.7,102517.7,102538.6,2.332655,239150.6841769,102525.36,102523.47799246554,1339.887640449219
2025-11-08 10:57:00+00:00,102538.6,102552.1,102538.6,102552.0,1.015228,104108.3635568,102526.525,102526.19437413549,1047.2103004290539
2025-11-08 10:58:00+00:00,102552.0,102567.8,102547.0,102567.8,0.99568,102107.341043,102528.465,102530.15681469401,668.8144329896409
2025-11-08 10:59:00+00:00,102567.8,102567.8,102476.4,102476.5,4.003086,410432.3902317,102524.365,102525.04664186602,-280.48780487804885
2025-11-08 11:00:00+00:00,102476.5,102476.5,102441.4,102449.4,2.803987,287274.1503605,102521.635,102517.84219978354,-421.2454212453762
2025-11-08 11:01:00+00:00,102449.4,102517.9,102449.4,102517.9,4.493076,460441.7154719,102522.09,102517.84770456605,3227.4725274756015
2025-11-08 11:02:00+00:00,102517.9,102570.5,102517.9,102549.9,3.746571,384233.139162,102527.33499999999,102520.9003041312,310.4861773117399
2025-11-08 11:03:00+00:00,102549.9,102589.4,102549.9,102561.0,7.615782,781208.971833,102532.82999999999,102524.71932278537,300.90991810738353
2025-11-08 11:04:00+00:00,102561.0,102561.1,102508.4,102538.5,7.908239,810783.1222166,102535.275,102526.03176823439,597.5460122700035
2025-11-08 11:05:00+00:00,102538.5,102580.0,102529.5,102574.5,5.282594,541759.5167814,102536.36,102530.64779030731,1221.198156682191
2025-11-08 11:06:00+00:00,102574.5,102574.6,102538.2,102538.3,1.477647,151544.2835373,102534.985,102531.37657218281,-916.3636363636366
2025-11-08 11:07:00+00:00,102538.3,102540.4,102528.9,102540.4,2.384656,244504.4734521,102533.18,102532.23594626064,-674.2382271466894
2025-11-08 11:08:00+00:00,102540.4,102572.2,102540.3,102564.3,3.957807,405881.4285219,102533.605,102535.28966566439,3144.7058823529724
2025-11-08 11:09:00+00:00,102564.3,102568.4,102546.4,102566.7,2.137119,219179.6370903,102535.45,102538.2811260773,730.8943089431978
2025-11-08 11:10:00+00:00,102566.7,102573.2,102566.6,102573.2,0.403965,41434.1352423,102538.38500000001,102541.60673311756,470.52810902897915
2025-11-08 11:11:00+00:00,102573.2,102573.2,102573.1,102573.1,0.356244,36541.0557369,102541.73,102544.60609186826,412.85500747378313
2025-11-08 11:12:00+00:00,102573.1,102617.9,102573.1,102599.3,4.686753,480863.0049079,102544.905,102549.81503549985,429.60629921258004
2025-11-08 11:13:00+00:00,102599.3,102606.9,102599.3,102606.9,0.608876,62470.5261452,102547.8,102555.25169878558,461.4853195164238
2025-11-08 11:14:00+00:00,102606.9,102622.1,102593.3,102617.0,4.881566,500883.1307023,102551.155,102561.13248937743,411.922503725738
2025-11-08 11:15:00+00:00,102617.0,102617.0,102551.5,102561.0,5.040135,517022.874888,102553.31499999999,102561.11987134149,639.8148148148442
2025-11-08 11:16:00+00:00,102561.0,102603.4,102560.9,102603.3,0.9857,101105.5277561,102556.55,102565.13702645183,460.43276661515864
2025-11-08 11:17:00+00:00,102603.3,102607.5,102577.7,102577.8,2.067599,212128.5202806,102557.84,102566.34302393261,1102.7131782944496
2025-11-08 11:18:00+00:00,102577.8,102608.3,102577.7,102608.3,3.409721,349786.186766,102559.865,102570.33892641522,738.7654320987582
2025-11-08 11:19:00+00:00,102608.3,102608.4,102589.1,102596.8,1.600437,164199.8580873,102565.88,102572.85902866139,248.71155444720685
2025-11-08 11:20:00+00:00,102596.8,102596.8,102587.6,102587.7,1.043041,107007.3716564,102572.79500000001,102574.27245450317,216.34128705711552
2025-11-08 11:21:00+00:00,102587.7,102620.6,102587.6,102614.7,2.682963,275280.7058851,102577.635,102578.12269693144,266.21900826445176
2025-11-08 11:22:00+00:00,102614.7,102614.7,102613.0,102613.1,0.648056,66499.3226754,102580.79500000001,102581.45386865227,357.1202531644865
2025-11-08 11:23:00+00:00,102613.1,102634.2,102564.6,102564.6,9.408488,965449.8050696,102580.975,102579.84873830444,5961.111111101211
2025-11-08 11:24:00+00:00,102564.6,102564.7,102515.4,102534.3,7.709692,790529.3996552,102580.765,102575.51076322782,-5109.523809527139
2025-11-08 11:25:00+00:00,102534.3,102534.3,102501.9,102502.0,2.18967,224485.7340127,102577.14,102568.50973815851,-246.34482758619492
2025-11-08 11:26:00+00:00,102502.0,102502.0,102455.5,102479.7,4.271921,437752.8212649,102574.20999999999,102560.0516678577,-304.7781569965417
2025-11-08 11:27:00+00:00,102479.7,102573.7,102479.7,102551.7,9.869173,1011788.0800924,102574.775,102559.25627091888,2199.1150442472203
2025-11-08 11:28:00+00:00,102551.7,102571.8,102508.5,102529.6,17.430364,1787406.7613025,102573.04000000001,102556.43186416471,-647.2622478386462
2025-11-08 11:29:00+00:00,102529.6,102538.4,102505.3,102507.6,2.8704,294280.8277038,102570.085,102551.78121043474,-375.97292724201327
2025-11-08 11:30:00+00:00,102507.6,102510.9,102430.1,102430.1,1.771178,181502.8531223,102562.93,102540.19252372667,-150.73375262055225
2025-11-08 11:31:00+00:00,102430.1,102430.1,102399.5,102399.5,6.826675,699103.6639161,102554.25,102526.7932357527,-124.25115207372687
2025-11-08 11:32:00+00:00,102399.5,102399.6,102375.0,102390.0,2.291721,234634.0667364,102543.785,102513.76530853816,-90.5398948877197
2025-11-08 11:33:00+00:00,102390.0,102407.5,102360.5,102362.2,3.835385,392662.5610258,102531.55,102499.33051724882,-74.33592153657983
2025-11-08 11:34:00+00:00,102362.2,102362.2,102341.1,102345.3,5.388096,551467.062941,102517.965,102484.6609441775,-63.231505336770226
2025-11-08 11:35:00+00:00,102345.3,102345.3,102300.2,102307.8,6.52986,668059.4442202,102505.30500000001,102467.81704473203,-67.85150078989133
2025-11-08 11:36:00+00:00,102307.8,102312.7,102255.4,102255.5,5.964251,610120.983058,102487.91500000001,102447.59637380518,-37.23404255319119
2025-11-08 11:37:00+00:00,102255.5,102255.5,102166.5,102166.6,13.421452,1371816.70754742,102467.35500000001,102420.83481439516,-31.49319066147882
2025-11-08 11:38:00+00:00,102166.6,102205.4,102158.1,102180.0,7.029436,718278.2679408,102445.94,102397.89816540513,-26.24328741536152
2025-11-08 11:39:00+00:00,102180.0,102180.1,102106.4,102127.9,25.016748,2554841.84158423,102422.495,102372.18405441416,-23.970995947961626
2025-11-08 11:40:00+00:00,102127.9,102127.9,102068.5,102072.7,15.30674,1562604.90792576,102396.745,102343.66176351756,-21.825242718445466
2025-11-08 11:41:00+00:00,102072.7,102081.1,102000.0,102000.0,23.14113,2361293.61183664,102366.01,102310.93207175398,-13.892955913452838
2025-11-08 11:42:00+00:00,102000.0,102020.8,101942.9,101961.1,19.82635,2021821.0971435,102333.41,102277.61473158695,-13.098159509201565
2025-11-08 11:43:00+00:00,101961.1,102079.8,101961.1,102045.7,16.126539,1645534.8326066,102307.465,102255.52761429295,-32.76161110040135
2025-11-08 11:44:00+00:00,102045.7,102045.7,102017.3,102021.6,9.278919,946759.7691237,102281.83,102233.2487938841,-33.15779208113642
2025-11-08 11:45:00+00:00,102021.6,102021.6,101920.0,101945.7,12.437417,1267983.0731523,102254.015,102205.86319446655,-30.55905087182896
2025-11-08 11:46:00+00:00,101945.7,102087.6,101945.7,102055.7,12.190329,1243901.7207931,102232.815,102191.5619378507,-66.03773584905318
2025-11-08 11:47:00+00:00,102055.7,102063.0,101851.9,101911.4,33.302878,3394879.7200231,102200.8,102164.87984853158,-32.48477276276503
2025-11-08 11:48:00+00:00,101911.4,101927.3,101861.6,101863.6,6.755763,688355.3336107,102167.5,102136.18652962381,-31.23123123122903
2025-11-08 11:49:00+00:00,101863.6,101964.5,101863.6,101959.8,6.007762,612295.4587876,102140.11,102119.38781251677,-55.531215772176154
2025-11-08 11:50:00+00:00,101959.8,102045.9,101953.4,101985.8,12.474602,1272276.3931077,102117.895,102106.66516370565,-74.31915372495618
2025-11-08 11:51:00+00:00,101985.8,102087.9,101985.8,102083.5,4.555183,464779.1271875,102102.095,102104.45895763845,-135.4113924050568
2025-11-08 11:52:00+00:00,102083.5,102083.5,101887.8,101887.8,19.128481,1951163.9865757,102076.98500000002,102083.8247711967,-85.20509757068538
2025-11-08 11:53:00+00:00,101887.8,101971.0,101874.5,101921.9,28.266177,2881217.8052575,102054.97,102068.40336441607,-104.92845786962704
2025-11-08 11:54:00+00:00,101921.9,101933.2,101761.9,101805.4,31.832477,3241304.92327718,102027.975,102043.35542494788,-85.57140211149536
2025-11-08 11:55:00+00:00,101805.4,101852.5,101785.8,101785.9,6.654249,677503.1508564,102001.88,102018.83586066712,-88.52270549913067
2025-11-08 11:56:00+00:00,101785.9,101859.9,101714.8,101859.9,11.572709,1177786.08149059,101982.1,102003.69911203216,-135.49039433770554
2025-11-08 11:57:00+00:00,101859.9,101911.4,101754.9,101792.2,14.648839,1491651.0110843,101963.37999999999,101983.55633945766,-143.16239316238205
2025-11-08 11:58:00+00:00,101792.2,101878.1,101777.4,101868.1,7.456013,759174.216026,101947.785,101972.56049760456,-191.8884257774917
2025-11-08 11:59:00+00:00,101868.1,101903.9,101855.0,101855.1,3.231528,329225.4341203,101934.14499999999,101961.373783547,-219.39149560117698
2025-11-08 12:00:00+00:00,101855.1,101908.2,101850.0,101869.1,8.590239,875167.4656896,101923.965,101952.58580416157,-300.83497053045767
2025-11-08 12:01:00+00:00,101869.1,101908.4,101804.5,101908.3,7.737802,788126.3062511,101919.38,101948.36810852712,-710.6870229007673
2025-11-08 12:02:00+00:00,101908.3,101947.7,101902.9,101917.6,5.885699,599912.9300517,101917.205,101945.43781247691,-1519.5402298850267
2025-11-08 12:03:00+00:00,101917.6,101948.0,101854.5,101948.0,5.1109,520764.7004137,101912.32,101945.68183033625,-621.0849539406414
2025-11-08 12:04:00+00:00,101948.0,101995.7,101924.1,101968.7,9.190262,937098.1950969,101909.675,101947.8740369709,-1186.200378071608
2025-11-08 12:05:00+00:00,101968.7,102011.9,101964.1,101964.1,4.779587,487481.828461,101910.595,101949.4193667832,3410.32608695483
2025-11-08 12:06:00+00:00,101964.1,102043.1,101950.0,102033.1,11.011231,1123042.1445584,101909.465,101957.3889508991,-2595.1327433637653
2025-11-08 12:07:00+00:00,102033.1,102033.2,101966.2,101972.4,5.824817,594094.1603943,101912.51499999998,101958.818574623,961.4754098360423
2025-11-08 12:08:00+00:00,101972.4,102025.5,101972.3,102017.0,5.431446,554000.5103932,101920.185,101964.35966275414,411.4080834419917
2025-11-08 12:09:00+00:00,102017.0,102017.0,101995.1,102000.2,1.070918,109239.4412181,101922.205,101967.77302820612,1324.0099009902747
2025-11-08 12:10:00+00:00,102000.2,102054.4,102000.2,102044.3,3.491857,356279.5818192,101925.12999999999,101975.06131123411,945.299145299146
2025-11-08 12:11:00+00:00,102044.3,102063.3,102017.4,102039.2,4.54195,463470.2227445,101922.91500000001,101981.16975778324,-1027.7652370202552
2025-11-08 12:12:00+00:00,102039.2,102039.3,101897.0,101897.0,4.60101,469202.839388,101923.375,101973.15359037532,4948.913043479857
2025-11-08 12:13:00+00:00,101897.0,101897.0,101731.9,101789.8,10.94529,1114119.2486565,101916.76999999999,101955.69134367291,-318.8493565480996
2025-11-08 12:14:00+00:00,101789.8,101802.9,101742.8,101749.1,9.56751,973586.270871,101913.955,101936.01597760881,-748.1349911191805
2025-11-08 12:15:00+00:00,101749.1,101854.0,101749.1,101851.9,5.425871,552379.8852368,101917.25499999999,101928.00493212226,793.9393939393939
2025-11-08 12:16:00+00:00,101851.9,101930.0,101851.9,101890.5,5.168811,526719.8019459,101918.785,101924.43303382491,1596.732026143504
2025-11-08 12:17:00+00:00,101890.5,101890.5,101801.0,101837.5,8.00897,815666.7731453,101921.05,101916.15369727016,1078.5871964679354
2025-11-08 12:18:00+00:00,101837.5,101874.2,101809.2,101874.2,3.398438,346086.3663281,101921.35500000001,101912.15810705395,7367.213114764514
2025-11-08 12:19:00+00:00,101874.2,101927.6,101866.4,101872.8,11.950513,1217687.5515799,101922.23999999999,101908.40971590596,2538.98305084785
2025-11-08 12:20:00+00:00,101872.8,101896.7,101837.5,101896.7,7.065811,719721.322933,101923.62000000001,101907.29450486728,1664.130434783096
2025-11-08 12:21:00+00:00,101896.7,101939.6,101890.1,101890.2,2.709948,276203.7638224,101922.715,101905.66645678469,-2320.9944751373228
2025-11-08 12:22:00+00:00,101890.2,101934.0,101890.2,101921.5,3.984365,406060.2252083,101922.91,101907.17441328139,11335.89743591414
2025-11-08 12:23:00+00:00,101921.5,101921.5,101894.1,101902.0,3.07896,313764.5715944,101920.61,101906.6816120165,-894.9999999999935
2025-11-08 12:24:00+00:00,101902.0,101902.0,101862.5,101882.6,4.06785,414425.0593421,101916.305,101904.38812515778,-454.12311265974427
2025-11-08 12:25:00+00:00,101882.6,101966.4,101882.5,101966.3,1.483241,151161.7562398,101916.41500000001,101910.28449419037,21577.272727301755
2025-11-08 12:26:00+00:00,101966.3,101994.5,101966.3,101994.5,1.564787,159579.8908045,101914.485,101918.3050185532,-1124.0932642485197
2025-11-08 12:27:00+00:00,101994.5,102010.0,101950.1,102010.0,6.248929,637261.9095525,101916.365,101927.03787392909,1195.2127659572454
2025-11-08 12:28:00+00:00,102010.0,102052.6,102009.9,102031.3,5.728294,584469.4496784,101917.08,101936.96760022156,2979.720279719614
2025-11-08 12:29:00+00:00,102031.3,102060.6,101971.9,101995.7,6.684502,681956.4568138,101916.855,101942.56116210522,-9468.888888888638
2025-11-08 12:30:00+00:00,101995.7,102031.5,101995.7,102011.0,3.002871,306340.7722986,101915.19,101949.07914666663,-1193.0930930929537
2025-11-08 12:31:00+00:00,102011.0,102031.4,102001.2,102007.4,3.248076,331363.5475352,101913.6,101954.63351365076,-1249.37106918224
2025-11-08 12:32:00+00:00,102007.4,102031.4,102002.8,102002.9,2.63607,268915.9364009,101918.89499999999,101959.2303218745,375.1652502360813
2025-11-08 12:33:00+00:00,102002.9,102012.5,101996.5,102006.3,2.213031,225737.1799035,101929.72,101963.71314836264,185.08083140877466
2025-11-08 12:34:00+00:00,102006.3,102035.0,102006.3,102034.9,1.314575,134113.9198459,101944.01,101970.4928485186,150.20993701889637
2025-11-08 12:35:00+00:00,102034.9,102040.0,102007.2,102023.0,2.712643,276760.1023081,101952.565,101975.49352961205,190.82407948567442
2025-11-08 12:36:00+00:00,102023.0,102063.8,102010.1,102030.5,6.852108,699161.2099175,101959.565,101980.73224107757,210.99999999999585
2025-11-08 12:37:00+00:00,102030.5,102056.2,102026.3,102056.1,1.408577,143730.1824588,101970.49500000001,101987.91012287971,146.84354986275912
2025-11-08 12:38:00+00:00,102056.1,102064.3,102026.4,102062.7,2.510904,256215.2011788,101979.92,101995.03296831973,154.3236074270526
2025-11-08 12:39:00+00:00,102062.7,102062.7,102008.1,102010.1,2.559687,261180.6323149,101986.785,101996.46792371785,211.87181354696872
2025-11-08 12:40:00+00:00,102010.1,102057.3,102010.0,102057.3,2.431032,248034.9289302,101994.81499999999,102002.26145479234,195.6413449564045
2025-11-08 12:41:00+00:00,102057.3,102057.3,102029.3,102057.2,2.058039,210007.3569014,102003.16500000001,102007.49369719307,188.14371257484856
2025-11-08 12:42:00+00:00,102057.2,102099.5,102031.8,102031.8,7.196799,734596.495583,102008.68,102009.80858317469,256.482320942871
2025-11-08 12:43:00+00:00,102031.8,102034.3,102007.2,102007.2,2.929157,298836.4334355,102013.94,102009.56014668186,268.91634980988783
2025-11-08 12:44:00+00:00,102007.2,102024.9,101897.0,101897.0,6.562567,669278.4080539,102014.66,101998.84013271215,1964.5833333340918
2025-11-08 12:45:00+00:00,101897.0,101926.0,101883.2,101926.0,2.942949,299885.7744799,102012.645,101991.90297721575,-566.2531017369244
2025-11-08 12:46:00+00:00,101926.0,101965.4,101926.0,101928.2,3.471475,353904.6826021,102009.33,101985.83602700473,-304.977375565593
2025-11-08 12:47:00+00:00,101928.2,101964.3,101883.1,101964.3,3.338846,340263.5235856,102007.04500000001,101983.7849768138,-487.5273522976306
2025-11-08 12:48:00+00:00,101964.3,101981.7,101943.6,101943.6,2.550292,260051.1895903,102002.66,101979.95783616486,-229.76054732041808
2025-11-08 12:49:00+00:00,101943.6,101947.7,101912.5,101943.8,3.269579,333274.1679952,102000.065,101976.51423272058,-388.6319845857801
2025-11-08 12:50:00+00:00,101943.8,101984.8,101943.8,101984.8,0.369579,37681.2276971,101998.755,101977.30335341387,-867.9389312977856
2025-11-08 12:51:00+00:00,101984.8,101998.9,101980.6,101989.3,1.594918,162663.334948,101997.85,101978.44589118398,-1281.2154696138482
2025-11-08 12:52:00+00:00,101989.3,101989.3,101958.0,101962.3,1.782704,181792.9207198,101995.81999999999,101976.9081872617,-571.1822660099612
2025-11-08 12:53:00+00:00,101962.3,101970.2,101962.3,101970.1,0.440905,44957.2838997,101994.01,101976.25978847488,-652.7624309392476
2025-11-08 12:54:00+00:00,101970.1,101973.1,101931.4,101931.4,2.091681,213264.558589,101988.83499999999,101971.98742766776,-200.67632850241256
2025-11-08 12:55:00+00:00,101931.4,101968.0,101912.0,101968.0,3.826514,390026.6976143,101986.08499999999,101971.60767265178,-444.18181818182336
2025-11-08 12:56:00+00:00,101968.0,101999.0,101968.0,101998.9,0.595979,60782.2943132,101984.505,101974.20694192304,-847.1518987340113
2025-11-08 12:57:00+00:00,101998.9,102051.1,101998.9,102051.1,0.829367,84613.3874639,101984.25499999999,101981.53009031132,-5886.000000000068
2025-11-08 12:58:00+00:00,102051.1,102104.6,101998.0,102007.0,10.568804,1078634.0860401,101981.47,101983.95579599596,-516.5170556553445
2025-11-08 12:59:00+00:00,102007.0,102054.3,102007.0,102054.3,1.284954,131097.610388,101983.68,101990.65524399636,757.9185520362818
2025-11-08 13:00:00+00:00,102054.3,102084.3,102054.3,102076.5,3.362907,343251.3866081,101984.64,101998.83093504433,1614.5833333336527
2025-11-08 13:01:00+00:00,102076.5,102082.6,102030.0,102056.2,3.86743,394676.014113,101984.59,102004.2946555163,-31000.00000000246
2025-11-08 13:02:00+00:00,102056.2,102056.2,102012.8,102012.8,4.046866,412935.8977282,101983.64,102005.10468832427,-1631.5789473685
2025-11-08 13:03:00+00:00,102012.8,102012.9,101930.3,101940.7,5.254887,535835.850618,101980.31499999999,101998.97090848387,-466.1654135338564
2025-11-08 13:04:00+00:00,101940.7,101983.6,101940.6,101957.6,3.470974,353918.9977872,101983.345,101995.0308219616,539.4389438943763
2025-11-08 13:05:00+00:00,101957.6,101957.6,101877.2,101885.2,4.415787,449964.1339242,101981.305,101984.57074367953,-730.1470588235344
2025-11-08 13:06:00+00:00,101885.2,101899.7,101724.8,101748.8,12.938472,1317125.1260658,101972.33499999999,101962.11638713862,-164.82720178374348
2025-11-08 13:07:00+00:00,101748.8,101843.6,101732.0,101804.3,13.74527,1399072.9905766,101964.33499999999,101947.08625503018,-196.93750000001273
2025-11-08 13:08:00+00:00,101804.3,101924.0,101804.3,101924.0,5.423488,552487.4496872,101963.35500000001,101944.88756407493,-2218.3673469382043
2025-11-08 13:09:00+00:00,101924.0,101934.4,101885.1,101925.1,3.343842,340762.4816603,101962.42,101943.00303416303,-2329.9465240646764
2025-11-08 13:10:00+00:00,101925.1,101925.1,101895.6,101907.5,2.701962,275350.6761749,101958.55500000001,101939.62179281417,-510.60802069859176
2025-11-08 13:11:00+00:00,101907.5,101947.0,101865.8,101909.9,3.825226,389793.1995158,101954.58499999999,101936.7911458795,-494.45843828712486
2025-11-08 13:12:00+00:00,101909.9,101909.9,101863.0,101907.3,3.874168,394722.3869945,101951.835,101933.98246531954,-713.8181818182185
2025-11-08 13:13:00+00:00,101907.3,101993.1,101907.3,101993.1,4.498301,458673.3775754,101952.985,101939.61270671769,2046.0869565218318
2025-11-08 13:14:00+00:00,101993.1,102000.0,101980.0,101980.0,1.340353,136708.0403718,101955.41500000001,101943.45911560171,968.3127572015723
2025-11-08 13:15:00+00:00,101980.0,101999.9,101914.4,101914.4,8.028477,818567.623124,101952.73500000002,101940.6915807825,-809.701492537253
2025-11-08 13:16:00+00:00,101914.4,101962.0,101890.0,101890.1,4.99629,509200.3132639,101947.295,101935.8733349937,-370.49632352947003
2025-11-08 13:17:00+00:00,101890.1,101938.3,101867.7,101936.5,10.253549,1044927.5828918,101941.565,101935.93301737524,-346.6841186736324
2025-11-08 13:18:00+00:00,101936.5,102068.7,101865.7,102068.6,13.052541,1330989.7720892,101944.645,101948.56796810142,859.4155844155175
2025-11-08 13:19:00+00:00,102068.6,102095.2,102010.0,102052.3,12.661161,1292235.3928157,101944.54500000001,101958.44720923461,-24105.000000000717
2025-11-08 13:20:00+00:00,102052.3,102052.3,102007.2,102024.3,7.086975,723080.2610528,101941.93500000001,101964.71890359322,-881.0344827586865
2025-11-08 13:21:00+00:00,102024.3,102168.1,102024.3,102141.6,3.325201,339514.349763,101946.205,101981.56472229863,675.8782201404598
2025-11-08 13:22:00+00:00,102141.6,102170.0,102125.1,102145.1,6.387785,652536.6017071,101952.82,101997.13951065113,438.92668178382377
2025-11-08 13:23:00+00:00,102145.1,102170.0,102122.9,102127.2,5.6926,581488.0193145,101962.145,102009.52622392245,311.3672922252073
2025-11-08 13:24:00+00:00,102127.2,102160.0,102121.6,102150.0,2.134193,217998.8649341,101971.765,102022.90467878699,304.88565488566724
2025-11-08 13:25:00+00:00,102150.0,102152.5,102127.2,102145.9,3.302831,337346.4780852,101984.8,102034.61851890251,225.00958956655631
2025-11-08 13:26:00+00:00,102145.9,102145.9,102082.6,102082.6,1.924453,196521.1741565,102001.49,102039.18818376894,175.7339724385862
2025-11-08 13:27:00+00:00,102082.6,102109.1,102075.2,102109.0,1.7761,181318.9771687,102016.725,102045.8369281719,182.96685264194468
2025-11-08 13:28:00+00:00,102109.0,102110.5,102100.4,102110.5,2.755102,281310.2480743,102026.05,102051.99531596506,235.54959785522945
2025-11-08 13:29:00+00:00,102110.5,102110.5,102098.1,102106.4,1.541815,157425.7317696,102035.11499999999,102057.17671444458,241.6988416988556
2025-11-08 13:30:00+00:00,102106.4,102106.4,102061.6,102082.9,4.963311,506660.4791517,102043.885,102059.62655116414,249.82896237172844
2025-11-08 13:31:00+00:00,102082.9,102111.5,102015.2,102056.2,6.705831,684400.9434558,102051.2,102059.30021295804,297.88106630211496
2025-11-08 13:32:00+00:00,102056.2,102089.7,101985.5,102014.9,5.980737,610232.420569,102056.57999999999,102055.07162124776,405.0185873606305
2025-11-08 13:33:00+00:00,102014.9,102014.9,101917.8,101923.4,5.037649,513665.6746683,102053.095,102042.53146684321,-502.15208034424893
2025-11-08 13:34:00+00:00,101923.4,102061.6,101923.3,102059.9,6.596039,672769.933067,102057.09,102044.18561285814,608.8861076345873
2025-11-08 13:35:00+00:00,102059.9,102112.1,102049.7,102099.3,4.932857,503572.2830892,102066.33499999999,102049.43460210976,284.4240129799805
2025-11-08 13:36:00+00:00,102099.3,102125.4,102044.4,102125.4,6.188382,631665.6135196,102078.1,102056.66940190883,234.5941351466329
2025-11-08 13:37:00+00:00,102125.4,102125.8,102077.8,102092.5,2.605196,265968.965746,102085.9,102060.08183982228,324.1025641025678
2025-11-08 13:38:00+00:00,102092.5,102101.5,102051.4,102051.4,2.985102,304717.8398177,102085.04000000001,102059.25499793443,-2171.511627905505
2025-11-08 13:39:00+00:00,102051.4,102104.8,102048.1,102089.4,9.175273,936641.2021259,102086.89499999999,102062.12595051211,1109.1644204854356
2025-11-08 13:40:00+00:00,102089.4,102089.4,102032.5,102066.1,10.327931,1054074.8122032,102088.985,102062.50443141573,984.4497607654823
2025-11-08 13:41:00+00:00,102066.1,102134.5,102049.3,102134.4,12.604027,1286803.6714111,102088.625,102069.35162842376,-5034.722222213871
2025-11-08 13:42:00+00:00,102134.4,102187.2,102134.4,102177.6,8.937209,913099.5952722,102090.25,102079.6609971453,1237.5384615384537
2025-11-08 13:43:00+00:00,102177.6,102177.6,102042.3,102042.3,15.409243,1573424.0966393,102086.00499999999,102076.10280694098,-473.7338044758827
2025-11-08 13:44:00+00:00,102042.3,102042.3,101943.0,101979.3,14.436463,1472404.3679813,102077.47,102066.88349199422,-222.2612770943179
2025-11-08 13:45:00+00:00,101979.3,101993.1,101960.8,101960.8,6.899584,703582.599055,102068.215,102056.78030228047,-204.97028633171902
2025-11-08 13:46:00+00:00,101960.8,101960.8,101920.0,101935.2,5.901445,601545.6182181,102060.845,102045.2012258728,-257.3948439619888
2025-11-08 13:47:00+00:00,101935.2,101986.9,101935.2,101986.9,3.693123,376581.442559,102054.74,102039.64872817064,-331.4496314496132
2025-11-08 13:48:00+00:00,101986.9,101990.6,101897.0,101897.1,7.932733,808775.758914,102044.06999999999,102026.07265882104,-188.94095595126896
2025-11-08 13:49:00+00:00,101897.1,101930.8,101853.8,101930.7,3.507718,357364.609525,102035.285,102016.98954845713,-248.60557768924053
2025-11-08 13:50:00+00:00,101930.7,101950.1,101925.4,101948.0,1.653164,168521.9894756,102028.54,102010.41911527074,-336.61971830986744
2025-11-08 13:51:00+00:00,101948.0,101957.0,101929.6,101943.8,3.80627,388030.497138,102022.92,102004.07443762591,-404.00355871887456
2025-11-08 13:52:00+00:00,101943.8,101989.7,101942.5,101974.6,2.897024,295405.07547,102020.905,102001.26734832821,-1203.2258064519456
2025-11-08 13:53:00+00:00,101974.6,101974.6,101920.9,101968.0,4.047467,412637.9221232,102023.135,101998.0990294398,1087.219730941549
2025-11-08 13:54:00+00:00,101968.0,101968.0,101920.2,101946.6,4.869245,496385.0599882,102017.47,101993.19435996935,-307.50220653135926
2025-11-08 13:55:00+00:00,101946.6,101965.0,101935.1,101940.9,2.038491,207823.4185402,102009.55,101988.21394473418,-195.0757575757376
2025-11-08 13:56:00+00:00,101940.9,101994.6,101940.9,101987.8,3.105406,316638.7974694,102002.67000000001,101988.17452142616,-239.68023255815677
2025-11-08 13:57:00+00:00,101987.8,101999.5,101964.7,101976.1,1.932401,197069.5685685,101996.85,101987.02456700463,-283.3333333333499
2025-11-08 13:58:00+00:00,101976.1,101986.0,101881.7,101881.7,3.367584,343320.8282432,101988.36499999999,101976.99365586133,-194.34295816146636
2025-11-08 13:59:00+00:00,101881.7,101881.7,101790.3,101809.7,7.416685,755157.8487784,101974.38,101961.06092673168,-104.326063639616
2025-11-08 14:00:00+00:00,101809.7,101824.8,101797.3,101824.8,2.335031,237718.1284694,101962.31499999999,101948.08369561438,-127.18607542478452
2025-11-08 14:01:00+00:00,101824.8,101863.5,101755.1,101755.1,4.640563,472498.8636999,101943.35,101929.70429603205,-62.90535196415178
2025-11-08 14:02:00+00:00,101755.1,101795.7,101720.9,101795.7,3.471769,353229.9700698,101924.25499999999,101916.94198212425,-61.796281749147596
2025-11-08 14:03:00+00:00,101795.7,101875.6,101795.7,101811.9,5.718953,582416.3340154,101912.73500000002,101906.93798382669,-109.46180555555017
2025-11-08 14:04:00+00:00,101811.9,101811.9,101744.3,101803.3,5.836667,594020.2440007,101903.93500000001,101897.06769965272,-143.29545454545288
2025-11-08 14:05:00+00:00,101803.3,101814.4,101745.1,101776.0,12.819408,1304559.2284618,101894.69499999999,101885.53744254293,-136.47186147185772
2025-11-08 14:06:00+00:00,101776.0,101806.2,101715.2,101721.6,7.602563,773710.2728824,101884.015,101869.92435277694,-118.0711610486926
2025-11-08 14:07:00+00:00,101721.6,101753.1,101615.0,101690.9,21.891327,2225707.53586084,101869.215,101852.87441441724,-67.73648648648648
2025-11-08 14:08:00+00:00,101690.9,101782.5,101652.2,101677.5,16.135458,1641202.6758376,101858.23500000002,101836.17208923463,-91.3023679417098
2025-11-08 14:09:00+00:00,101677.5,101720.7,101642.3,101696.6,14.099193,1433606.3060969,101846.53,101822.87950930752,-79.45322511748034
2025-11-08 14:10:00+00:00,101696.6,101761.7,101672.8,101715.0,9.918401,1008837.622344,101834.88,101812.60527032585,-80.30042918455186
2025-11-08 14:11:00+00:00,101715.0,101715.1,101617.4,101670.0,12.812931,1302421.8009229,101821.19,101799.0238160091,-68.33455076698462
2025-11-08 14:12:00+00:00,101670.0,101691.2,101583.1,101660.1,9.139866,928791.10813027,101805.465,101785.79297638919,-49.697933227345914
2025-11-08 14:13:00+00:00,101660.1,101660.1,101598.1,101647.1,3.678304,373805.1244484,101789.42,101772.58412149499,-48.70676223122646
2025-11-08 14:14:00+00:00,101647.1,101668.1,101599.6,101632.5,10.775516,1095106.5097123,101773.715,101759.2427765907,-49.761222540592144
2025-11-08 14:15:00+00:00,101632.5,101632.5,101581.0,101586.9,5.873847,596785.2093228,101756.015,101742.82917882016,-44.15254237288215
2025-11-08 14:16:00+00:00,101586.9,101641.9,101586.9,101641.9,2.573202,261483.7707902,101738.72,101733.21687607538,-47.52818733737786
2025-11-08 14:17:00+00:00,101641.9,101641.9,101562.3,101584.6,5.089215,517037.31295211,101719.145,101719.06288787774,-41.99233716474947
2025-11-08 14:18:00+00:00,101584.6,101603.2,101496.9,101525.4,10.704455,1086829.43543444,101701.33,101700.61880331795,-46.140892506312895
2025-11-08 14:19:00+00:00,101525.4,101529.9,101458.2,101505.6,9.845206,999182.32731814,101686.125,101682.04558395433,-54.061164090759235
2025-11-08 14:20:00+00:00,101505.6,101626.7,101501.4,101618.1,7.859464,798163.8853444,101675.79000000001,101675.95552833963,-126.65699080793033
2025-11-08 14:21:00+00:00,101618.1,101632.5,101569.0,101583.4,4.425611,449677.7524407,101667.205,101667.14071611682,-152.47524752473532
2025-11-08 14:22:00+00:00,101583.4,101684.2,101560.8,101684.2,10.654693,1082597.3134162,101661.63,101668.76540981997,-288.7892376681615
2025-11-08 14:23:00+00:00,101684.2,101740.0,101652.1,101723.1,9.91575,1008555.0415804,101657.19,101673.94013269426,-388.1756756757396
2025-11-08 14:24:00+00:00,101723.1,101728.5,101667.0,101667.0,6.443514,655336.5717079,101650.375,101673.27916767576,-252.8980190755717
2025-11-08 14:25:00+00:00,101667.0,101750.0,101659.2,101743.9,5.45361,554688.813409,101648.76999999999,101680.00496123046,-1313.3956386290627
2025-11-08 14:26:00+00:00,101743.9,101744.0,101691.1,101739.6,5.948484,605084.009863,101649.67000000001,101685.68067920851,2342.222222222259
2025-11-08 14:27:00+00:00,101739.6,101745.0,101697.0,101707.3,5.612969,570968.1643158,101650.48999999999,101687.73966214103,2570.7317073157506
2025-11-08 14:28:00+00:00,101707.3,101740.0,101686.4,101686.4,1.956876,199043.8342837,101650.935,101687.61207527044,4737.078651688551
2025-11-08 14:29:00+00:00,101686.4,101711.7,101686.4,101711.7,0.909514,92491.880959,101651.69,101689.90616333993,2833.1125827831042
2025-11-08 14:30:00+00:00,101711.7,101774.4,101711.6,101747.9,5.684954,578452.247371,101653.33499999999,101695.42938587898,1354.4072948330804
2025-11-08 14:31:00+00:00,101747.9,101760.1,101712.0,101722.9,3.11745,317148.9478666,101655.98000000001,101698.04563484289,842.3440453687232
2025-11-08 14:32:00+00:00,101722.9,101763.9,101722.9,101725.8,2.374268,241563.9494632,101659.26499999998,101700.68890771498,682.6484018265363
2025-11-08 14:33:00+00:00,101725.8,101789.4,101725.7,101784.5,3.879966,394838.6234755,101666.13500000001,101708.67091650404,369.1411935953662
2025-11-08 14:34:00+00:00,101784.5,101916.3,101784.4,101916.2,6.282232,639934.02259582,101680.32,101728.4355911227,225.20267888615268
2025-11-08 14:35:00+00:00,101916.2,101925.0,101860.0,101895.0,5.03318,512853.756175,101695.725,101744.29886815863,207.3677377474835
2025-11-08 14:36:00+00:00,101895.0,101911.3,101882.0,101882.0,1.816882,185141.4209518,101707.73000000001,101757.41326166733,243.1903373594313
2025-11-08 14:37:00+00:00,101882.0,101922.6,101862.3,101922.6,2.974282,303053.0870757,101724.62999999999,101773.14533198474,184.76331360947177
2025-11-08 14:38:00+00:00,101922.6,101977.2,101890.8,101977.2,5.750572,586076.58521242,101747.22,101792.57910989095,150.30987162461298
2025-11-08 14:39:00+00:00,101977.2,102015.0,101920.1,101940.3,6.328741,645411.085717,101768.95499999999,101806.64776609182,156.22268230964121
2025-11-08 14:40:00+00:00,101940.3,102057.7,101939.4,102051.3,11.511191,1174090.26505256,101790.615,101829.94797884498,156.41735918744467
2025-11-08 14:41:00+00:00,102051.3,102058.7,101989.8,102058.7,4.780983,487773.0107305,101814.37999999999,101851.73388562165,144.11950347149082
2025-11-08 14:42:00+00:00,102058.7,102064.3,102003.1,102003.7,2.654138,270820.4129123,101830.35500000001,101866.20684889579,182.84820031298813
2025-11-08 14:43:00+00:00,102003.7,102006.5,101980.7,101992.9,1.683733,171734.583261,101843.845,101878.27286328666,202.11267605634242
2025-11-08 14:44:00+00:00,101992.9,101998.8,101929.3,101929.4,5.777323,589087.2871309,101856.965,101883.14211440223,207.81250000000017
2025-11-08 14:45:00+00:00,101929.4,101942.2,101917.2,101928.5,2.398129,244437.5336018,101866.19499999999,101887.4619130306,253.73781148427918
2025-11-08 14:46:00+00:00,101928.5,101966.1,101901.4,101901.4,4.632543,472236.4207797,101874.285,101888.78934988483,289.4932014833299
2025-11-08 14:47:00+00:00,101901.4,101915.5,101812.5,101908.6,9.574418,975203.0738349,101884.35,101890.67607846724,236.26428216592097
2025-11-08 14:48:00+00:00,101908.6,101949.9,101883.7,101928.4,4.092193,417097.9880446,101896.45,101894.26883289892,204.7107438016505
2025-11-08 14:49:00+00:00,101928.4,101987.2,101928.4,101987.2,1.295016,132047.3391333,101910.225,101903.11942024187,191.97822141560584
2025-11-08 14:50:00+00:00,101987.2,102071.3,101977.7,102071.2,4.462294,455291.2419356,101926.39,101919.12709450455,178.37921435199254
2025-11-08 14:51:00+00:00,102071.2,102088.0,102020.8,102020.8,3.320651,338927.38201434,101941.285,101928.81022836125,193.58845250083257
2025-11-08 14:52:00+00:00,102020.8,102046.6,102017.8,102029.9,1.819139,185608.1313184,101956.48999999999,101938.43782566018,191.68036829990018
2025-11-08 14:53:00+00:00,102029.9,102037.5,101850.0,101856.3,15.099098,1539195.2306265,101960.07999999999,101930.61517559731,730.0835654595561
2025-11-08 14:54:00+00:00,101856.3,101876.5,101856.2,101872.4,1.814367,184824.4369091,101957.88999999998,101925.07087315946,-932.8767123286507
2025-11-08 14:55:00+00:00,101872.4,101920.0,101872.4,101914.0,2.912233,296738.557018,101958.84,101924.01650428714,2369.473684210431
2025-11-08 14:56:00+00:00,101914.0,101914.0,101862.0,101867.2,2.389101,243417.7465095,101958.1,101918.60540864075,-3041.891891891177
2025-11-08 14:57:00+00:00,101867.2,101890.0,101855.3,101866.6,5.712728,581961.6222706,101955.3,101913.65251257973,-731.4285714285298
2025-11-08 14:58:00+00:00,101866.6,101884.3,101839.1,101860.2,2.633893,268285.7346115,101949.44999999998,101908.56179709596,-303.41880341879096
2025-11-08 14:59:00+00:00,101860.2,101863.4,101806.8,101832.8,3.574065,363953.546765,101944.075,101901.34638784872,-330.2325581395214
2025-11-08 15:00:00+00:00,101832.8,101848.2,101811.0,101819.6,6.675776,679796.560019,101932.49,101893.56101757742,-105.30858869226958
2025-11-08 15:01:00+00:00,101819.6,101829.9,101763.8,101808.5,5.29721,539244.9472796,101919.98000000001,101885.45996828433,-94.56434852118068
2025-11-08 15:02:00+00:00,101808.5,101903.9,101808.5,101903.0,1.811011,184490.0224591,101914.94499999999,101887.13044749534,-328.7984111221458
2025-11-08 15:03:00+00:00,101903.0,101933.1,101899.7,101909.3,2.883544,293874.1737389,101910.765,101889.24183344816,-403.58851674644677
2025-11-08 15:04:00+00:00,101909.3,101919.8,101881.3,101886.3,1.231699,125509.7900608,101908.61,101888.96165883404,-782.8306264502612
2025-11-08 15:05:00+00:00,101886.3,101920.0,101884.1,101914.0,2.041191,207999.5177316,101907.885,101891.34626275461,-2517.9310344826954
2025-11-08 15:06:00+00:00,101914.0,101942.8,101904.7,101909.1,1.246655,127063.3283666,101908.26999999999,101893.03709487323,4741.558441551163
2025-11-08 15:07:00+00:00,101909.1,101916.2,101891.2,101916.1,0.718541,73220.9088738,101908.645,101895.23356202815,4865.333333333071
2025-11-08 15:08:00+00:00,101916.1,101926.3,101910.0,101910.0,1.285646,131028.2420017,101907.725,101896.63988945405,-1875.5434782614136
2025-11-08 15:09:00+00:00,101910.0,101910.0,101870.6,101873.9,2.1931,223466.4952999,101902.06,101894.47418569651,-252.69196822593216
2025-11-08 15:10:00+00:00,101873.9,101877.0,101838.7,101844.7,3.067817,312499.7569306,101890.735,101889.73378705874,-89.31567328917808
2025-11-08 15:11:00+00:00,101844.7,101857.1,101820.1,101846.2,2.571176,261840.321391,101882.00499999999,101885.58771210077,-116.72394043527007
2025-11-08 15:12:00+00:00,101846.2,101846.3,101782.7,101782.8,2.588955,263520.8652984,101869.65,101875.79840618641,-78.79401052205745
2025-11-08 15:13:00+00:00,101782.8,101804.6,101782.7,101804.6,0.855649,87101.924753,101867.065,101869.01760559724,-418.76208897487834
2025-11-08 15:14:00+00:00,101804.6,101860.0,101804.5,101859.9,2.017148,205404.3963816,101866.44,101868.14926220702,-2045.5999999999744
2025-11-08 15:15:00+00:00,101859.9,101917.2,101859.9,101902.3,2.546192,259463.8957871,101865.85500000001,101871.4017134254,-2192.3076923082353
2025-11-08 15:16:00+00:00,101902.3,101959.1,101890.2,101890.2,3.0415,310007.9928493,101867.00499999999,101873.1920264325,1115.2173913043493
2025-11-08 15:17:00+00:00,101890.2,101890.3,101824.1,101824.2,2.516727,256358.1129591,101864.885,101868.52611915322,-604.9528301885543
2025-11-08 15:18:00+00:00,101824.2,101824.2,101700.0,101703.5,4.719442,480166.6244049,101857.05,101852.80934590053,-163.68857689853525
2025-11-08 15:19:00+00:00,101703.5,101758.0,101681.2,101728.8,5.242892,533290.1223356,101851.85,101840.99893200526,-270.96153846154124
2025-11-08 15:20:00+00:00,101728.8,101768.3,101708.3,101720.5,9.300478,946297.6273912,101846.89499999999,101829.52284324286,-284.3592330978673
2025-11-08 15:21:00+00:00,101720.5,101745.5,101660.3,101700.3,7.018213,713750.1272635,101841.485,101817.21590579116,-260.44362292052733
2025-11-08 15:22:00+00:00,101700.3,101724.6,101663.6,101663.6,4.548511,462521.6929214,101829.515,101802.58581952534,-78.2372598162103
2025-11-08 15:23:00+00:00,101663.6,101716.0,101567.5,101567.6,15.757518,1602083.7919513,101812.43,101780.20621766578,-52.97044190810698
2025-11-08 15:24:00+00:00,101567.6,101570.8,101521.7,101534.5,5.261431,534310.59281092,101794.84,101756.80562550713,-51.449687322341816
2025-11-08 15:25:00+00:00,101534.5,101582.9,101518.0,101582.9,6.055333,614848.3468472,101778.285,101740.24318498265,-60.91815161582409
2025-11-08 15:26:00+00:00,101582.9,101584.7,101530.0,101584.6,5.900549,599196.5686268,101762.06,101725.42002450812,-62.68104776579622
2025-11-08 15:27:00+00:00,101584.6,101610.7,101573.4,101609.9,1.583361,160859.9640462,101746.75,101714.4181174121,-72.4036577400355
2025-11-08 15:28:00+00:00,101609.9,101609.9,101528.3,101530.1,3.23783,328808.6278863,101727.75499999999,101696.8640109919,-58.35746249012911
2025-11-08 15:29:00+00:00,101530.1,101601.1,101530.1,101601.0,1.846378,187501.6344707,101714.11,101687.73410518315,-107.21876145108004
2025-11-08 15:30:00+00:00,101601.0,101629.0,101570.2,101570.2,2.436827,247594.9045378,101700.38500000001,101676.54038087999,-106.59380692167258
2025-11-08 15:31:00+00:00,101570.2,101579.9,101531.6,101579.8,3.172975,322213.0898229,101687.065,101667.32701127237,-112.87537537537676
2025-11-08 15:32:00+00:00,101579.8,101579.8,101520.2,101577.5,3.434635,348793.3050981,101676.8,101658.77205781786,-146.46858256210075
2025-11-08 15:33:00+00:00,101577.5,101645.4,101577.5,101634.4,4.521973,459504.3530939,101668.29000000001,101656.45090945424,-197.29729729727694
2025-11-08 15:34:00+00:00,101634.4,101634.5,101545.7,101549.4,2.167679,220191.5913108,101652.765,101646.25558474431,-90.33816425120773
2025-11-08 15:35:00+00:00,101549.4,101556.2,101529.8,101529.8,1.282896,130267.225421,101634.14,101635.16457667341,-63.91946308724599
2025-11-08 15:36:00+00:00,101529.8,101572.0,101518.2,101572.0,1.862304,189086.7815952,101618.23000000001,101629.14890270453,-88.0892520427376
2025-11-08 15:37:00+00:00,101572.0,101640.1,101572.0,101614.4,2.603927,264595.7238025,101607.74,101627.74424530409,-153.81315538607157
2025-11-08 15:38:00+00:00,101614.4,101655.9,101614.4,101638.9,3.408861,346470.0673553,101604.51000000001,101628.80669813228,-537.461300309522
2025-11-08 15:39:00+00:00,101638.9,101664.5,101635.1,101644.9,5.454297,554440.0599261,101600.315,101630.33939354825,-390.8224076280637
2025-11-08 15:40:00+00:00,101644.9,101653.4,101592.8,101597.8,2.620259,266299.8939265,101594.18000000001,101627.2404036865,-267.23716381417063
2025-11-08 15:41:00+00:00,101597.8,101647.2,101597.8,101626.9,3.470511,352680.9235108,101590.51,101627.2079842878,-486.37602179826774
2025-11-08 15:42:00+00:00,101626.9,101626.9,101554.9,101554.9,5.265606,534962.5451873,101585.075,101620.32150959373,-328.42686292542106
2025-11-08 15:43:00+00:00,101554.9,101557.1,101534.2,101534.2,1.854826,188356.8023634,101583.405,101612.119461061,-1068.8622754487365
2025-11-08 15:44:00+00:00,101534.2,101576.0,101494.9,101576.0,3.62621,368128.5792768,101585.48000000001,101608.67951238852,960.9638554216243
2025-11-08 15:45:00+00:00,101576.0,101603.7,101549.2,101572.6,3.070608,311922.5107897,101584.965,101605.24336835153,-3401.941747576458
2025-11-08 15:46:00+00:00,101572.6,101647.8,101572.6,101647.8,1.434982,145815.0117396,101588.125,101609.29638088949,670.7278481012414
2025-11-08 15:47:00+00:00,101647.8,101734.4,101645.9,101675.8,5.212678,530088.0569063,101591.42,101615.6300589,647.3444613048863
2025-11-08 15:48:00+00:00,101675.8,101739.9,101668.6,101721.2,2.561701,260528.2991236,101600.975,101625.68433900477,246.99110413395732
2025-11-08 15:49:00+00:00,101721.2,101721.3,101677.2,101677.3,3.296493,335270.715124,101604.79000000001,101630.60011624242,525.6880733944454
2025-11-08 15:50:00+00:00,101677.3,101707.2,101668.8,101701.1,1.773649,180360.0849808,101611.335,101637.31439088601,324.59893048124616
2025-11-08 15:51:00+00:00,101701.1,101731.7,101677.2,101677.2,2.149524,218626.9769723,101616.205,101641.11302032543,426.38603696098426
2025-11-08 15:52:00+00:00,101677.2,101681.3,101660.1,101670.0,2.062856,209732.6945435,101620.83,101643.86416124682,448.9729729729446
2025-11-08 15:53:00+00:00,101670.0,101737.2,101669.9,101701.0,3.331106,338801.0300906,101624.16,101649.3056696995,584.6846846846026
2025-11-08 15:54:00+00:00,101701.0,101701.0,101689.4,101700.5,0.772125,78522.8541761,101631.715,101654.18132020431,257.7101257445166
2025-11-08 15:55:00+00:00,101700.5,101737.2,101700.5,101708.1,1.577234,160437.7604476,101640.62999999999,101659.3164325658,222.65844083004987
2025-11-08 15:56:00+00:00,101708.1,101715.7,101680.8,101680.8,1.029996,104752.4284927,101646.06999999999,101661.36248660715,326.10294117645117
2025-11-08 15:57:00+00:00,101680.8,101680.8,101641.0,101675.4,3.215981,326950.1178334,101649.12000000001,101662.69939264456,512.1311475409741
2025-11-08 15:58:00+00:00,101675.4,101675.4,101647.4,101673.5,1.625356,165236.7349081,101650.85,101663.7280219165,832.0809248553346
2025-11-08 15:59:00+00:00,101673.5,101733.2,101673.5,101721.1,4.343551,441773.8792833,101654.66,101669.19201982922,432.41469816266346
2025-11-08 16:00:00+00:00,101721.1,101743.7,101696.1,101743.7,1.986235,202037.6790921,101661.95499999999,101676.28801794072,241.32967786155268
2025-11-08 16:01:00+00:00,101743.7,101777.0,101731.9,101735.3,3.495979,355726.6185237,101667.375,101681.90820670828,297.9704797047731
2025-11-08 16:02:00+00:00,101735.3,101735.3,101675.0,101675.0,2.336184,237612.6046395,101673.37999999999,101681.25028225986,268.94254787675635
2025-11-08 16:03:00+00:00,101675.0,101694.1,101623.9,101633.3,2.469897,251111.7896964,101678.33499999999,101676.6835887113,325.93340060543
2025-11-08 16:04:00+00:00,101633.3,101698.2,101572.8,101698.2,5.914093,601003.0866648,101684.44499999999,101678.7327707388,283.22422258592434
2025-11-08 16:05:00+00:00,101698.2,101764.9,101698.2,101720.1,6.081341,618698.8570824,101691.82,101682.67250685893,249.49152542372886
2025-11-08 16:06:00+00:00,101720.1,101724.8,101693.7,101700.9,3.10728,316027.8102818,101694.475,101684.40845858665,551.412429378627
2025-11-08 16:07:00+00:00,101700.9,101700.9,101607.7,101647.1,4.031461,409801.3560831,101693.04000000001,101680.8552720546,-922.6480836237969
2025-11-08 16:08:00+00:00,101647.1,101667.2,101591.9,101596.0,3.462134,351889.3272186,101686.78,101672.77381757321,-175.23961661342952
2025-11-08 16:09:00+00:00,101596.0,101597.6,101524.2,101570.6,8.006725,813165.5828689,101681.44499999999,101663.04297780433,-205.62324273665854
2025-11-08 16:10:00+00:00,101570.6,101674.3,101560.3,101674.3,3.572997,363131.0912439,101680.105,101664.1150751563,-1116.7910447760087
2025-11-08 16:11:00+00:00,101674.3,101722.1,101667.8,101699.9,4.569258,464680.7233366,101681.24,101667.52316323665,1431.2775330398035
2025-11-08 16:12:00+00:00,101699.9,101812.3,101686.7,101786.4,4.438017,451532.0672465,101687.06,101678.84476673792,353.4364261168512
2025-11-08 16:13:00+00:00,101786.4,101878.6,101767.2,101878.6,5.083742,517700.8233947,101695.94,101697.86907466764,266.10360360359823
2025-11-08 16:14:00+00:00,101878.6,101942.3,101859.8,101928.9,5.349622,545083.7928629,101707.36,101719.87201993738,228.94045534150942
2025-11-08 16:15:00+00:00,101928.9,101968.0,101886.9,101933.6,5.494289,560024.04902812,101718.63500000001,101740.22706565763,230.59866962305986
2025-11-08 16:16:00+00:00,101933.6,101940.3,101887.3,101906.8,2.784199,283773.2502738,101729.93500000001,101756.0911546426,230.0884955752212
2025-11-08 16:17:00+00:00,101906.8,101906.9,101847.5,101865.2,5.041597,513588.0202957,101739.425,101766.48247324806,273.9726027397219
2025-11-08 16:18:00+00:00,101865.2,101878.6,101849.0,101854.1,2.888722,294251.1610415,101748.45499999999,101774.82699960539,287.92912513841816
2025-11-08 16:19:00+00:00,101854.1,101854.2,101761.2,101795.4,3.290569,334986.9219345,101752.17000000001,101776.7863329763,635.8008075371043
2025-11-08 16:20:00+00:00,101795.4,101800.9,101731.0,101731.0,3.119455,317436.2612127,101751.535,101772.42572983571,-3541.7322834653874
2025-11-08 16:21:00+00:00,101731.0,101790.4,101704.6,101790.3,4.229555,430338.0292805,101754.285,101774.12804127992,925.6363636363737
2025-11-08 16:22:00+00:00,101790.3,101796.3,101737.2,101763.2,2.889842,294100.0080964,101758.695,101773.08727544374,577.2108843537669
2025-11-08 16:23:00+00:00,101763.2,101768.0,101743.4,101755.0,1.127268,114709.1031851,101764.78,101771.36467778243,418.3237469186675
2025-11-08 16:24:00+00:00,101755.0,101846.0,101755.0,101823.8,4.9504,504006.793046,101771.06000000001,101776.35851799362,408.43949044585275
2025-11-08 16:25:00+00:00,101823.8,101860.0,101797.6,101860.0,1.967751,200344.0981372,101778.05500000001,101784.3243734228,376.91208005720154
2025-11-08 16:26:00+00:00,101860.0,101863.4,101836.2,101836.2,2.876367,292970.7631346,101784.82,101789.2649092873,389.72653362896654
2025-11-08 16:27:00+00:00,101836.2,101841.1,101831.0,101831.0,0.573061,58359.4692755,101794.015,101793.23967983137,286.73191952148966
2025-11-08 16:28:00+00:00,101831.0,101879.1,101813.1,101847.4,5.21281,530898.0148942,101806.58499999999,101798.39780556172,216.26889419252575
2025-11-08 16:29:00+00:00,101847.4,101852.0,101792.1,101849.5,4.145998,422179.9649479,101820.53,101803.26468122251,195.69738257440457
2025-11-08 16:30:00+00:00,101849.5,101872.0,101822.7,101869.3,2.542063,258886.3038129,101830.28,101809.55375920133,236.87179487179935
2025-11-08 16:31:00+00:00,101869.3,101869.3,101810.8,101832.7,1.642866,167309.6054195,101836.92,101811.75816308691,328.53915662651207
2025-11-08 16:32:00+00:00,101832.7,101832.7,101791.2,101793.4,3.128177,318466.6341034,101837.26999999999,101810.00976660245,4997.142857143134
2025-11-08 16:33:00+00:00,101793.4,101827.2,101791.9,101791.9,1.447279,147341.1005554,101832.935,101808.28502692602,-297.11649365625277
2025-11-08 16:34:00+00:00,101791.9,101857.0,101791.0,101842.0,2.944317,299831.5696534,101828.59,101811.49597674259,-296.20253164561626
2025-11-08 16:35:00+00:00,101842.0,101897.3,101840.4,101897.3,1.483563,151111.169992,101826.775,101819.6677884814,-848.4848484848202
2025-11-08 16:36:00+00:00,101897.3,101929.5,101887.2,101890.5,2.420608,246691.0682414,101825.96,101826.41371338794,-1889.5705521469868
2025-11-08 16:37:00+00:00,101890.5,101901.2,101876.4,101887.4,2.415298,246091.7561986,101827.06999999999,101832.22193116051,1387.3873873876357
2025-11-08 16:38:00+00:00,101887.4,101937.9,101887.4,101921.2,2.564273,261344.811832,101830.425,101840.69603295476,509.3889716841458
2025-11-08 16:39:00+00:00,101921.2,101921.5,101868.9,101921.5,3.46053,352611.2454719,101836.73,101848.39164886384,271.2926249008759
2025-11-08 16:40:00+00:00,101921.5,101935.3,101914.4,101917.4,3.025988,308423.7545655,101846.05,101854.96387278156,183.53004291847157
2025-11-08 16:41:00+00:00,101917.4,101921.9,101898.8,101916.6,3.414672,347990.4508148,101852.365,101860.83398013569,223.9113222486231
2025-11-08 16:42:00+00:00,101916.6,101939.2,101910.9,101939.1,0.669463,68230.5424158,101861.16,101868.28788678945,173.56452529846638
2025-11-08 16:43:00+00:00,101939.1,101940.5,101814.7,101814.7,8.946935,911607.9774831,101864.14499999999,101863.1842785238,511.39028475717316
2025-11-08 16:44:00+00:00,101814.7,101814.7,101744.4,101744.4,6.626727,674422.5542057,101860.175,101851.87149009296,-297.8589420654768
2025-11-08 16:45:00+00:00,101744.4,101765.8,101731.2,101742.6,3.954008,402318.7334589,101854.30500000001,101841.46468151269,-170.61328790462295
2025-11-08 16:46:00+00:00,101742.6,101747.5,101730.2,101741.9,2.896779,294717.2894576,101849.59,101831.98233089244,-212.40721102864393
2025-11-08 16:47:00+00:00,101741.9,101753.6,101741.9,101752.6,1.002519,102002.041718,101845.67,101824.42210890268,-269.13265306128164
2025-11-08 16:48:00+00:00,101752.6,101801.8,101737.0,101801.8,2.012521,204812.2594674,101843.39,101822.26762234051,-534.64912280719
2025-11-08 16:49:00+00:00,101801.8,101835.9,101788.3,101788.3,3.257286,331653.5528915,101840.33,101819.03261068904,-394.9346405229375
2025-11-08 16:50:00+00:00,101788.3,101807.0,101749.5,101749.6,2.246708,228680.2127452,101834.345,101812.4199810996,-185.3801169590883
2025-11-08 16:51:00+00:00,101749.6,101793.2,101744.3,101773.3,2.850625,290111.9962276,101831.375,101808.69426861394,-413.4680134680882
2025-11-08 16:52:00+00:00,101773.3,101800.0,101684.9,101714.8,5.595902,569350.9023936,101827.445,101799.75195731738,-312.4681933842845
2025-11-08 16:53:00+00:00,101714.8,101757.5,101684.6,101757.5,3.542742,360351.3695559,101825.725,101795.72796138239,-838.08139534903
2025-11-08 16:54:00+00:00,101757.5,101773.6,101737.2,101737.8,1.504855,153130.3950079,101820.515,101790.2110126793,-228.59884836853962
2025-11-08 16:55:00+00:00,101737.8,101767.1,101690.2,101767.1,4.897293,498192.625776,101814.00499999999,101788.0099638527,-162.98003072197878
2025-11-08 16:56:00+00:00,101767.1,101767.2,101740.8,101751.1,1.752205,178292.0433682,101807.035,101784.49472920007,-152.22381635582533
2025-11-08 16:57:00+00:00,101751.1,101795.1,101738.0,101795.0,1.426174,145129.7828394,101802.41500000001,101785.49523118102,-277.16450216452586
2025-11-08 16:58:00+00:00,101795.0,101816.8,101789.5,101816.8,2.424128,246778.7515724,101797.195,101788.4766377352,-233.81226053641706
2025-11-08 16:59:00+00:00,101816.8,101863.4,101816.8,101851.2,5.500148,560176.7366247,101793.68000000001,101794.45029128423,-395.7325746799225
2025-11-08 17:00:00+00:00,101851.2,101870.0,101851.2,101856.7,1.905636,194114.2522728,101790.64499999999,101800.37883497145,-467.3805601318138
2025-11-08 17:01:00+00:00,101856.7,101871.4,101761.3,101810.7,3.104919,316108.8218818,101785.35,101801.3618030694,-267.89423984888913
2025-11-08 17:02:00+00:00,101810.7,101845.6,101802.2,101819.7,3.981036,405344.2254812,101779.38,101803.10829801517,-226.29815745391733
2025-11-08 17:03:00+00:00,101819.7,101846.7,101732.0,101757.6,8.797505,895538.7118259,101776.525,101798.77417439467,-473.2049036778253
2025-11-08 17:04:00+00:00,101757.6,101802.2,101755.8,101781.4,3.945054,401530.4340981,101778.375,101797.11949111898,794.5945945945552
2025-11-08 17:05:00+00:00,101781.4,101787.0,101748.2,101756.5,3.083155,313756.2482108,101779.06999999999,101793.25096815526,2115.107913669846
2025-11-08 17:06:00+00:00,101756.5,101762.7,101744.3,101744.3,1.977822,201246.8873959,101779.19,101788.5889711881,12249.99999995482
2025-11-08 17:07:00+00:00,101744.3,101744.4,101693.2,101693.3,2.065107,210069.2148951,101776.225,101779.51383107495,-477.7403035412475
2025-11-08 17:08:00+00:00,101693.3,101711.2,101574.0,101611.7,13.246557,1346227.0016873,101766.72,101763.53156144876,-123.14571278272993
2025-11-08 17:09:00+00:00,101611.7,101663.5,101606.9,101658.1,1.933881,196532.793825,101760.20999999999,101753.49046035841,-215.43778801842683
2025-11-08 17:10:00+00:00,101658.1,101679.1,101595.7,101595.7,9.841693,1000432.9591164,101752.515,101738.46279746715,-182.26120857697833
2025-11-08 17:11:00+00:00,101595.7,101682.6,101590.3,101682.6,4.528774,460266.8726299,101747.98000000001,101733.1425310417,-378.94156560089107
2025-11-08 17:12:00+00:00,101682.6,101682.6,101657.2,101666.4,2.746465,279240.3223779,101745.56,101726.7860995139,-710.1239669420137
2025-11-08 17:13:00+00:00,101666.4,101667.4,101624.9,101637.6,1.264946,128567.0471862,101739.565,101718.29218527449,-251.04253544621736
2025-11-08 17:14:00+00:00,101637.6,101655.9,101637.6,101646.9,1.783458,181289.6603938,101735.01999999999,101711.49292953407,-341.3641364135959
2025-11-08 17:15:00+00:00,101646.9,101696.6,101646.9,101686.5,1.295269,131697.2016397,101730.99,101709.11265053082,-397.7667493796133
2025-11-08 17:16:00+00:00,101686.5,101766.0,101686.4,101732.9,2.441635,248410.8985684,101730.08,101711.37811238503,-2016.4835164821443
2025-11-08 17:17:00+00:00,101732.9,101774.9,101717.1,101738.1,2.580933,262608.9615045,101727.235,101713.92305406264,-576.977152899888
2025-11-08 17:18:00+00:00,101738.1,101754.4,101720.4,101720.4,0.871327,88649.2314243,101722.415,101714.53990605669,-317.9460580912575
2025-11-08 17:19:00+00:00,101720.4,101788.2,101720.4,101777.4,1.760497,179161.6561525,101718.725,101720.52658167033,-445.93495934958366
2025-11-08 17:20:00+00:00,101777.4,101787.4,101762.4,101762.5,0.774354,78812.1416824,101714.015,101724.52405008269,-343.5244161358979
2025-11-08 17:21:00+00:00,101762.5,101812.7,101762.5,101796.3,4.444178,452386.5606035,101713.29500000001,101731.35985483673,-2481.9444444455144
2025-11-08 17:22:00+00:00,101796.3,101842.0,101770.0,101835.2,5.808321,591276.1737901,101714.07,101741.24939247133,2498.709677419377
2025-11-08 17:23:00+00:00,101835.2,101863.4,101813.0,101860.8,5.348592,544714.1352709,101719.23000000001,101752.63516461692,400.09689922482585
2025-11-08 17:24:00+00:00,101860.8,101887.2,101806.3,101806.3,2.62327,267194.2507153,101720.475,101757.74610132008,1562.6506024091766
2025-11-08 17:25:00+00:00,101806.3,101839.4,101801.7,101822.4,2.692304,274120.1633173,101723.77,101763.90361548007,614.8710166920299
2025-11-08 17:26:00+00:00,101822.4,101853.8,101807.1,101849.9,2.641066,268930.7743151,101729.05,101772.09374733911,409.75378787883307
2025-11-08 17:27:00+00:00,101849.9,101866.2,101805.2,101832.0,5.343608,544153.477941,101735.985,101777.79910473539,311.9682768565398
2025-11-08 17:28:00+00:00,101832.0,101832.0,101793.7,101793.7,1.362603,138721.9629298,101745.08499999999,101779.31347571297,237.7472527472592
2025-11-08 17:29:00+00:00,101793.7,101827.0,101774.5,101802.0,3.580423,364467.4352234,101752.28,101781.47409707363,274.2182070882709
2025-11-08 17:30:00+00:00,101802.0,101817.6,101802.0,101802.5,1.543329,157119.0990989,101762.62,101783.47656401899,191.05415860735022
2025-11-08 17:31:00+00:00,101802.5,101821.3,101772.9,101796.6,2.422681,246619.7023439,101768.31999999999,101784.7264150648,270.3508771929799
2025-11-08 17:32:00+00:00,101796.6,101823.5,101796.6,101818.0,1.853098,188668.3782559,101775.9,101787.89532791577,217.41424802109407
2025-11-08 17:33:00+00:00,101818.0,101854.3,101817.9,101854.3,2.270223,231175.6945794,101786.735,101794.21958239998,168.85094600830598
2025-11-08 17:34:00+00:00,101854.3,101900.0,101854.3,101900.0,1.612919,164319.6083418,101799.39,101804.2939078857,158.94903200315832
2025-11-08 17:35:00+00:00,101900.0,101930.0,101869.3,101872.9,8.555085,871739.0699096,101808.70999999999,101810.82782142039,194.58154506438217
2025-11-08 17:36:00+00:00,101872.9,101878.9,101839.2,101839.2,1.321662,134627.9679692,101814.025,101813.52993366607,297.55409219190426
2025-11-08 17:37:00+00:00,101839.2,101893.8,101839.2,101877.6,2.623545,267267.7124793,101821.0,101819.6318447455,250.53763440860214
2025-11-08 17:38:00+00:00,101877.6,101887.2,101853.6,101885.7,1.257185,128069.9065557,101829.265,101825.92405000783,216.33393829400183
2025-11-08 17:39:00+00:00,101885.7,101902.7,101857.6,101893.9,1.498882,152708.474554,101835.09,101832.39795000709,265.06437768239346
2025-11-08 17:40:00+00:00,101893.9,101917.1,101893.8,101909.0,1.601847,163241.5083909,101842.41500000001,101839.69338333975,221.09215017064452
2025-11-08 17:41:00+00:00,101909.0,101966.8,101890.7,101890.7,5.578053,568562.4525039,101847.135,101844.55115635501,307.30932203390796
2025-11-08 17:42:00+00:00,101890.7,101928.6,101871.4,101889.4,5.129815,522731.4106809,101849.845,101848.82247479739,463.4686346863662
2025-11-08 17:43:00+00:00,101889.4,101889.5,101868.0,101876.0,1.317469,134220.7167105,101850.605,101851.41081053097,1484.2105263160138
2025-11-08 17:44:00+00:00,101876.0,101901.0,101863.6,101891.5,1.441411,146851.3342618,101854.86499999999,101855.22882857564,282.9812206572764
2025-11-08 17:45:00+00:00,101891.5,101891.5,101881.5,101881.6,0.456536,46513.7768293,101857.825,101857.7403687113,380.0675675674928
2025-11-08 17:46:00+00:00,101881.6,101881.6,101868.5,101874.3,1.528638,155728.4378977,101859.04500000001,101859.31747645307,809.4262295079074
2025-11-08 17:47:00+00:00,101874.3,101926.4,101874.3,101926.4,3.667165,373720.0628408,101863.765,101865.70628821944,264.40677966102396
2025-11-08 17:48:00+00:00,101926.4,101968.0,101926.4,101953.8,2.419935,246708.4402136,101871.77,101874.09616553188,173.01686445970637
2025-11-08 17:49:00+00:00,101953.8,101953.9,101943.1,101947.4,0.828017,84416.5595525,101879.04000000001,101881.07748310028,184.8005502063328
2025-11-08 17:50:00+00:00,101947.4,101947.4,101823.0,101860.0,6.299116,641679.9226568,101881.91500000001,101879.07010375739,466.43478260869074
2025-11-08 17:51:00+00:00,101860.0,101860.0,101817.2,101835.1,2.092122,213042.2860741,101883.84,101874.88247482812,696.6233766233689
2025-11-08 17:52:00+00:00,101835.1,101857.2,101827.3,101857.1,1.681498,171246.6740794,101885.795,101873.18890579688,687.468030690442
2025-11-08 17:53:00+00:00,101857.1,101889.4,101836.7,101889.4,1.174084,119587.6640823,101887.55,101874.73281953052,754.415954416109
2025-11-08 17:54:00+00:00,101889.4,101942.1,101889.4,101942.0,1.419582,144669.4260027,101889.65,101881.13921767047,646.9047619047547
2025-11-08 17:55:00+00:00,101942.0,101942.0,101931.1,101940.8,0.334433,34090.438903,101893.04500000001,101886.82119693996,400.1472754049517
2025-11-08 17:56:00+00:00,101940.8,101940.8,101928.8,101929.2,1.806929,184191.3983987,101897.54500000001,101890.85727342186,301.88888888888573
2025-11-08 17:57:00+00:00,101929.2,101953.1,101929.2,101953.0,1.33982,136576.476503,101901.315,101896.77562833407,340.98143236075754
2025-11-08 17:58:00+00:00,101953.0,102011.3,101953.0,101971.9,5.747027,586116.4654767,101905.625,101903.9303303975,310.7888631090526
2025-11-08 17:59:00+00:00,101971.9,102010.0,101971.8,101996.7,5.159889,526259.1898484,101910.76499999998,101912.76553702631,276.7509727626381
2025-11-08 18:00:00+00:00,101996.7,101996.7,101927.3,101943.6,2.393954,244076.8661029,101912.495,101915.70215254762,778.6127167628572
2025-11-08 18:01:00+00:00,101943.6,101988.8,101943.5,101988.8,1.47407,150297.5158004,101917.4,101922.66385230498,320.69317023442676
2025-11-08 18:02:00+00:00,101988.8,101988.8,101977.1,101987.5,0.743336,75808.5750129,101922.30500000001,101928.83872351403,320.69317023442676
2025-11-08 18:03:00+00:00,101987.5,101987.6,101931.5,101932.4,1.103746,112542.257542,101925.125,101929.17789270317,557.8014184397584
2025-11-08 18:04:00+00:00,101932.4,101957.5,101897.0,101957.4,1.779959,181412.3023755,101928.42000000001,101931.86571244572,491.805766312625
2025-11-08 18:05:00+00:00,101957.4,101957.4,101903.0,101912.5,2.913977,297009.1033381,101929.965,101930.02135887947,1048.8673139160264
2025-11-08 18:06:00+00:00,101912.5,101959.9,101912.5,101955.1,1.785147,181961.5206052,101934.00499999999,101932.40980089095,453.8366336633464
2025-11-08 18:07:00+00:00,101955.1,101955.1,101920.2,101925.2,2.183279,222559.3805444,101933.94499999999,101931.72315318705,-26216.666666731486
2025-11-08 18:08:00+00:00,101925.2,101949.4,101920.0,101938.3,1.776078,181042.4552515,101933.17,101932.34951955019,-1937.419354838731
2025-11-08 18:09:00+00:00,101938.3,101949.3,101936.1,101949.2,1.021228,104103.4668663,101933.26,101933.95432721206,17288.88888886074
2025-11-08 18:10:00+00:00,101949.2,101995.9,101949.2,101995.8,0.715716,72980.0833541,101940.05,101939.84439128712,263.4756995581702
2025-11-08 18:11:00+00:00,101995.8,102029.9,101995.8,101999.1,1.468678,149824.76999606,101948.25,101945.4877825931,220.18292682927188
2025-11-08 18:12:00+00:00,101999.1,102005.2,101953.5,101970.4,8.014548,817292.0797947,101953.91500000001,101947.86037472708,299.29390997355756
2025-11-08 18:13:00+00:00,101970.4,102002.1,101970.4,102002.1,0.623415,63573.365129,101959.55,101953.02605332452,300.35492457852195
2025-11-08 18:14:00+00:00,102002.1,102002.7,102002.1,102002.7,0.014729,1502.3977683,101962.58499999999,101957.75690538884,471.9934102142146
